item,qty,spec,supplier,unit_cost_usd,make_buy,notes
1 Enclosure body,1,"Folded 1.2 mm 5052 aluminium tub, 460 x 260 x 220 mm, pack door opening, intake and exhaust slots",Local sheet metal shop,35.00,make,Indicative price for one-off folding; about 1.36 kg (PBX-CAL-001); aluminium decided by Amish 2026-09-25
2 Lid with exhaust slots,1,"1.2 mm 5052 aluminium, 460 x 260 mm with 12 mm folded skirt and exhaust slots",Local sheet metal shop,12.00,make,Indicative price; about 0.43 kg
3 Carry handle,1,"Folding steel or aluminium bar handle, 200 mm span, rated 15 kg or more",Hardware store or case hardware supplier,8.00,buy,Indicative price
4 SwapCell pack (reference),1,"SwapCell interface v0.3: 13S2P 21700 lithium-ion, 46.8 V nominal, about 468 Wh, 340 x 90 x 80 mm body, 393 mm overall, 2.85 kg",SwapCell project,0.00,make,"NOT INCLUDED: priced once in the SwapCell BOM (about $414 in parts) and excluded from this budget, decided by Amish 2026-09-25"
5 Pack bay and blind-mate receptacle,1,"Aluminium catch bracket and shelf, printed floor runners and top guide rail (1 mm clearance per side), class D latch catch, SwapCell receptacle on a floating mount with a 10 kOhm +/-1 % INTERLOCK coding resistor",SwapCell project and self,32.00,make,Indicative price; receptacle is the SwapCell dock item 9 part; coding resistor per interface v0.3 item W
6 Pack bay door,1,"Hinged 1.2 mm aluminium door with magnetic catch, pull and padlock eye",Local sheet metal shop,6.00,make,Indicative price
7 Multi-input charge controller,1,"Buck-boost DC-DC, 12 to 60 V in, 200 W, CC-CV to 54.6 V with current limit set by the host; MPPT in host firmware; input TVS and reverse-polarity protection",Electronics distributor (module class),30.00,buy,Indicative price; efficiency at 40 W and 12 V to be confirmed from a datasheet (R6 at risk)
8 Host controller,1,"ESP32 with CAN transceiver, 120 ohm termination, relay drivers, current sensors on inputs and outputs; SwapCell station host (type 3)",Electronics distributor,28.00,buy,Indicative price; firmware is not part of TRL 3
9 300 W pure sine inverter,1,"48 V DC input (40 to 60 V), 300 W continuous, 600 W for 1 s, THD 3 % or less, 230 V 50 Hz, output isolated from the DC input so the neutral can be bonded, remote on/off, idle 10 W or less",Inverter supplier (certified 48 V unit),70.00,buy,Indicative price; 230 V 50 Hz decided by Amish 2026-09-25; neutral bonding to be confirmed from the datasheet
10 DC-DC converter 48 V to 12 V,1,"Non-isolated buck, 36 to 60 V in, 12 V 30 A (360 W) out, efficiency about 94 %",Electronics distributor (module class),30.00,buy,Resized from 20 A to 30 A by PBX-CAL-001 (full DC output demand about 26.5 A); indicative price
11 Output panel,1,"Panel with 1 x USB-C PD 100 W, 1 x USB-C PD 60 W, 2 x USB-A 12 W, 12 V car socket and 5.5 x 2.1 mm barrel, main switch, recessed normally closed wake button in the INTERLOCK loop",Electronics distributor,46.00,buy,Indicative price; USB modules fed from the 12 V bus
12 AC outlet with RCD,1,"Single 230 V outlet with 30 mA RCD (RCBO or RCD socket), neutral bonded to case and earth pin",Electrical supplier,22.00,buy,Indicative price
13 State-of-charge display,1,"2.4 in TFT or e-paper, driven by the host",Electronics distributor,10.00,buy,Indicative price
14 Input panel,1,"2 x Anderson Powerpole PP45 (DC in and charger in, keyed by housing orientation), labelled, with dust caps",Electronics distributor,14.00,buy,Indicative price
15 Exhaust fan and grille,1,"80 mm 12 V fan, about 16 L/s free air, thermostatic control from the host, dust filter on intake slots",Electronics distributor,10.00,buy,Indicative price
16 Protection and wiring,1,"30 A main fuse (60 V DC or higher, 1 kA breaking), 20 A DC breaker on the inverter feed, inverter relay with 47 ohm pre-charge resistor, 6-way fuse block (15 A buck, 20 A DC in, 10 A charger, 10 A 12 V sockets, USB 10/7.5/5 A), 10 AWG and 18 AWG wire, lugs",Electronics distributor,36.00,buy,Indicative price; ratings from PBX-CAL-001 section 6; not modelled
17 Grid charger,1,"Certified 54.6 V 5 A CC-CV lithium-ion charger brick, universal AC input, Powerpole DC lead",Charger supplier (certified unit),50.00,buy,Indicative price; same class as the SwapCell dock charger; omit where a SwapCell dock is on hand; not modelled
18 Hardware and consumables,1,"Fasteners, rubber feet, gaskets, labels, heat-shrink",Hardware store,10.00,buy,Indicative price; not modelled
